,WorkerID,CommitNumber,T0,T1,deltaT,Complexity
0,2,7ce282bda2252a9ada2ef283d0bf4f3ca0116b7c,17.285044278510444,17.780203618424412,0.4951593399139682,372
1,3,f95bc75df34b34d0348ef40bac49a714c8b6cd39,17.354959980862,17.9082207346834,0.5532607538214016,359
2,2,f07ec1abcb302184cb72db16e8363eaa13e87011,17.783589600713007,20.417353952391302,2.6337643516782947,372
3,4,86433af96f8f745a312684650d5935a5077999d7,17.869108172014464,20.69204153763345,2.8229333656189866,372
4,3,9a9d5042d33f891c6e403c65fd579966fbf6f42f,17.9110046430077,20.446617810303305,2.5356131672956046,372
5,1,0144b5d8228c0418a1773757e2a13452b985f4f0,18.12791063194792,20.659208631939165,2.5312979999912457,372
6,2,879962068a53f2891af069d72d75ff30f386a13e,20.421029484484652,20.740956127005152,0.3199266425204996,359
7,3,1eb6d50139b2aba63cd39494cf49540c8315ba78,20.450802789597212,20.74606008049047,0.29525729089325736,359
8,1,4d70310cebd8e6d8874283562ac78a5df67be998,20.66285717828245,20.989579124407225,0.3267219461247741,359
9,4,0ba1f19879c5c14dbe5c24f590b0c39b5f5ce204,20.69489436902211,21.041293303012047,0.3463989339899385,359
10,2,d8aeee9dd83e6f257dec2f1ef449f2bebfb5d316,20.744232707604294,20.995907282797532,0.2516745751932383,359
11,3,c809699575ab32def8ed4e278a544a01a2f88dc6,20.74935270667073,21.017141421375925,0.26778871470519405,359
12,1,e9951a06e885be92a3c739d3c307581c484e4b95,20.992632160887585,21.32134448841582,0.32871232752823687,359
13,2,64e225cdc88fa7781ac8837f8a5ccd1d54d79e06,20.99963715106331,21.30709090696918,0.3074537559058683,359
14,3,8dc373070910bb3cf09b830e35dec30556275923,21.02062550051273,21.34459781750923,0.32397231699649964,359
15,4,27de3ffd225223213cd1a6bd2cae245ce02e52ee,21.044614008959268,21.370085858445883,0.3254718494866147,359
16,2,b4fa1a5856c7eb2f84f9d406d4523d8f456d2395,21.310747111430725,21.59595403378616,0.2852069223554352,359
17,1,c8410bfece80602df74eb89f217c8c414dc5292d,21.324811063282315,21.61444364864845,0.28963258536613523,359
18,3,a2b4006abd3cbc9d7b000700fb1c2cc6af94e26d,21.348260221399844,21.65097579013547,0.3027155687356249,359
19,4,c7bbd107a529b914716551652d1ed7df7d11bff2,21.373175362156058,21.670722795081883,0.29754743292582475,359
20,2,9f5a1dd9e2ddf612ec4e8feca88b062986fec898,21.598757269742265,21.897621899009113,0.2988646292668484,359
21,1,f40f8690f9a56ddaa7a2e510a4caa9d8a59d5fd9,21.61781322068363,21.940149982422795,0.3223367617391659,359
22,3,cebb9974ebdfa238c70e8acb401324aad78e11c0,21.65455906013738,21.948946607599478,0.2943875474620974,359
23,4,169e33646e1523f37cc9877820d946d0bd3c274f,21.673665335855894,21.965205886686107,0.2915405508302129,359
24,2,93aee2629a4bdf141f05cb96b52d1b7454f47597,21.900503174837027,22.205090241806907,0.30458706696988,359
25,1,4d46f4ba2eda0ff5289ed6642c13fe25e6a48bdf,21.94375659145179,22.252623452513102,0.3088668610613112,359
26,3,6b7080d9508f8332268e2a2eb36f839973e25a02,21.9519274389648,22.2482178464788,0.29629040751400026,360
27,4,b76749162eda3e4674129796a00c8c7b26c724f1,21.96810940752421,22.23871521573284,0.2706058082086287,359
28,2,931af5e0a69499693cf15a71b96df51b8b106c92,22.20839891356829,22.475328825011267,0.26692991144297906,359
29,4,3b7f77ffec1ef255acf0eb94c6b4a0468bc3cae8,22.24173178498338,22.52394073637548,0.2822089513921,352
30,3,04ab93d2742ff6a48d47b91166f9bc4f01ff6bf9,22.250976227742225,22.54330410606421,0.29232787832198426,352
31,1,9c247101dbc57304315f64f64232d194486cf956,22.255461332337536,22.529724074352306,0.27426274201476986,360
32,2,67dbf7880d4064f48a0cbbca1809ee05c5761ee5,22.478337371471248,22.752272273089957,0.27393490161870915,360
33,4,e429c4108122309d412bc7082311819b0faa93e2,22.52672500937208,22.872859555945837,0.346134546573758,360
34,1,f1c5948cf8381c368fb9bd9e192844028017ed37,22.533209247506004,22.95768415586386,0.42447490835785473,360
35,3,1faf5f3bb0b81625e6e0a5042b79230469b96231,22.546442111190043,22.883838744827123,0.3373966336370806,360
36,2,8b7613080f21744a8980bb2b070524a1d8f19a51,22.755964580109023,23.04650665818682,0.29054207807779875,360
37,4,d71d93ae252da5f32c24555ee35a5609570a57be,22.876577390025776,23.227224026944906,0.3506466369191301,360
38,3,78811ff32122a7f3fd82c13fecabd2cfc85bbc45,22.8870883396762,23.20729869724468,0.32021035756848093,360
39,1,a76665a6828e04c9d430ca2ab0ffccdc4fae56d3,22.961287482842167,23.307225471047207,0.3459379882050406,360
40,2,dfce4b46159d3144fc7991976a4ae10498fd31ba,23.050169062077437,23.351657508529684,0.3014884464522467,360
41,3,49f04200df7b1b8fc3ab2e22896a85d182093914,23.21035538044802,23.523599038432085,0.3132436579840636,360
42,4,d293817cea2a925dcd23457590fd4a488cfdb39e,23.23130726266762,23.561570176807717,0.33026291414009634,360
43,1,a616385fc253e550bece430a1e61c84abf274476,23.31104833074902,23.640168361906625,0.32912003115760413,360
44,2,79ff32edb103d454787482ab31628ee6b5ff9cfc,23.355597792711514,23.773596850398295,0.4179990576867816,355
45,3,e4e30dd7aa7a605b55aafd73f5f7e07170d31c14,23.52727384118084,23.834421272356234,0.30714743117539456,360
46,4,129cb8eda2ced9245c1b4ab47afc60d250eaf8cf,23.565422574965684,24.139653809293893,0.5742312343282094,665
47,1,e545f715103abe24c71159c7147d015744bc1d07,23.643555073539815,23.948896647494628,0.3053415739548129,360
48,2,f73c208d12f28246abf25df6aaf130e1a5f1c6cb,23.777526559083476,24.266080224988222,0.488553665904746,360
49,3,0ea9056dcc23c9315f8b12edf45affe40564c3f0,23.838519459643177,24.15338518000954,0.3148657203663632,360
50,1,705be8f2c6f630f9213b16ecbb3f0009a1a6cdce,23.952815416010864,24.26714215072052,0.3143267347096561,360
51,4,93d1abafebe7877e748f72a268add751fc46e319,24.142903768815266,24.762213239938326,0.61930947112306,360
52,3,9f203c9129213e054a0fee99ee812ca869936321,24.156501304797484,24.43979260357058,0.2832912987730971,360
53,2,9757824c9c2b116313d91089da5c9a7857d76091,24.26992605904482,24.619844445384487,0.34991838633966665,360
54,1,181ec11a736200cde47753ac67ab4c93c540e360,24.271660440494962,24.60208089306787,0.3304204525729091,360
55,3,396a5fc7d22e7213287bea646175f5994fc8f0f4,24.443390825136717,24.763740122850805,0.32034929771408827,360
56,1,4e20b544e42beddd5cdd14c725f899511b050c31,24.605757883850416,24.89363639546231,0.2878785116118934,360
57,2,8775c694db0d3de38cbfd9c13e2e42ef4052ce9c,24.623180467568233,24.92462734137849,0.3014468738102565,360
58,4,f1d6e689ec06d9bc6fb49f4b8d00a83efe554a5e,24.765696589730535,25.10769137637536,0.3419947866448254,360
59,3,619c91735adf83f2140be72dd7ad43a701595af4,24.767287654967493,25.06691371999294,0.2996260650254463,360
60,1,14b53cd1a88d27096619e4c1a9794ed3388b093d,24.89722951161627,25.208389432088538,0.31115992047226726,360
61,2,314c2c4e194adfd131062ec4236b743b464e2ee1,24.928444366323536,25.351719138148077,0.4232747718245413,355
62,3,60dc1d4e96dd1efdfd71355bd8a2ffa2ff29914b,25.071015189330563,25.534469190296218,0.4634540009656547,355
63,4,8b09d59cd9d287359386e4bb409262e1abc0cc39,25.11144166628984,25.599846181224628,0.4884045149347891,355
64,1,e6b10e4f2370d65e1f26dc8255385735a68844bd,25.212249488364765,25.68090043425177,0.4686509458870063,355
65,2,4aa2f4b37bee7c3743a582793d8fe5c36c3a056e,25.35540597508267,25.737849119024663,0.3824431439419911,355
66,3,30768489ebb9d6570522ed995ed943e3b11db4dd,25.538447035724758,25.893589717408144,0.35514268168338603,355
67,4,304d6cad2d359333120558836a5bd199cd6c94cc,25.603232528185522,25.903810023236918,0.30057749505139597,355
68,1,bd892ab2efe52862e717dca9562ae2c92fccc543,25.684859681393107,25.955759780146366,0.27090009875325904,355
69,2,256580620a4055eafabc197ea39ee06050066961,25.740912001657072,26.029910057224377,0.28899805556730485,355
70,3,ce2b6da9fb1e2cb3518f0551246e31f448a4e1d9,25.89689547179114,26.196031417247834,0.299135945456694,355
71,4,5a960fcf8029dd93927239976fcc4fed120bbf28,25.907137657957804,26.201591940450474,0.29445428249266925,355
72,1,e8f4707259d194ef81fdc3009c27aeea98a4beec,25.959053500343522,26.257624933082635,0.2985714327391129,355
73,2,a859ececb7d9909651f69ad663f323d1f80167a4,26.03376537276073,26.30064277139277,0.2668773986320403,355
74,3,0004360efc4d1254a6a228e66bb138d57de17bf3,26.198883883964193,26.47863749677265,0.2797536128084559,355
75,4,16ad2ff01fc0589bc66eccbd18ac632b10e87b37,26.204756566654073,26.48843223002945,0.28367566337537653,355
76,1,1f360bb2ff20d5b3a4c0cf404d24e62ea891476f,26.260905525077057,26.536083229887957,0.27517770481090054,355
77,2,217b22a86af8dac63b9c7b7c6f14f9d95d37cb7b,26.30426870805357,26.58220880552318,0.27794009746961024,355
78,3,4810fc033b3518fa5dfe8ec57f1c9cbc6c82e23f,26.481713142935494,26.76178183260958,0.28006868967408494,355
79,4,106f8d8ed3220573ace431faa1cb71ef8b2b4bf8,26.491385346300106,26.757588101180517,0.26620275488041045,355
80,1,bb5ae4a4d49e6aafd05c3817273e3d575c5024c6,26.539407582558162,26.81016545911513,0.27075787655696715,355
81,2,2ecb64d431b01578e30f931acfb77f5225bbf2e0,26.585665169565324,26.88409438010815,0.29842921054282456,355
82,4,e15b1a19cc1e017935a6a8a3c46ff4fd4fecd3bf,26.761114117631614,27.108725951685297,0.34761183405368357,355
83,3,168d1e77ac8f282953f977024040daf769a46797,26.76479074374186,27.09261691758552,0.3278261738436612,350
84,1,526e027f0fbbbfcdb69137a329963ad0d030e8f3,26.812951190800923,27.13140601592597,0.31845482512504475,350
85,2,6c8b080f04598a1730b28666db058e7157497985,26.88776553613392,27.191809241379513,0.30404370524559354,350
86,3,96021ce5b8e72890ac3c94fd7c8e776401c6bfca,27.09624832433079,27.374335749408868,0.27808742507807693,350
87,4,279c3c8b2e67631ca098e945401c20e9ded5e812,27.112043010909538,27.378393822743007,0.266350811833469,345
88,1,015747196636669cf022ad0c5cba4aeba675239f,27.134786528130093,27.40678830189615,0.27200177376605694,345
89,2,a767332c3cc57ad30d082bdaa2cef5dc4276b575,27.195176260708603,27.458540041747685,0.2633637810390823,345
90,3,394e9dd394cb8ac8d7e5e59f27f7f6dc35697b9b,27.377751999498212,27.65092364199683,0.2731716424986175,345
91,4,d8e400023b6434aa721b1ed89a0d5d09b408ee82,27.381519064338406,27.67126469811698,0.28974563377857265,345
92,1,52a70523f7ced72faa292194eaac75b7a1b04880,27.410436483567135,27.701114584412156,0.290678100845021,345
93,2,22082d26611b966ec63ca295e8e68a93f017c99c,27.461261591108997,27.771671380663907,0.3104097895549103,345
94,3,87198d8e4d8402153c13883ae4129f2acba2e29e,27.653859983341768,28.008085878867533,0.3542258955257651,345
95,4,4c922f4270a903346d200a9c1156aff0c1d3da58,27.674848332791186,28.021972235309907,0.34712390251872094,307
96,1,fc969baeeab385bba9f4fb60d13b9f60cd2277f1,27.70452098834945,28.04783698273058,0.34331599438112903,307
97,2,1670c870e07fe64b120e157b470aed75b5f90833,27.77491040001634,28.06535109919524,0.2904406991789017,307
98,3,26c248157fc641b4f44f45f62713b7cc1af92f8b,28.01184200353878,28.405600199548683,0.3937581960099017,286
99,4,4dd200a505debab4af8f1754729a8c0db742eaa5,28.025695904146616,28.374762051325437,0.3490661471788208,307
100,1,3da890c9fbd0ea9663cede46acd51c962550de79,28.05128568865446,28.355364767112977,0.30407907845851767,307
101,2,a830515e7abcafb2bcb49da21623debd4a3b955e,28.068267018891483,28.378596945213094,0.3103299263216108,307
102,1,df477758422abfed86151016f654bdecab6acdb1,28.358810190986176,28.637025251368616,0.2782150603824398,307
103,4,b8f2e1cfeaed186304c296d6974000804824ed83,28.37782201657946,28.678790805006805,0.300968788427344,307
104,2,867a68551de0294c6416460ed5d8abc395d2c745,28.381965787903674,28.677802907751037,0.29583711984736283,307
105,3,e1b345dd5a7871895c405bfbd6a79af1659dde12,28.40931839830092,28.660931343875767,0.25161294557484837,307
106,1,26157c6abd66b0a7f3abfb288a1147fdd600c923,28.640418162430876,28.948768647517966,0.3083504850870895,307
107,3,841df6248b06cb7b787959097cff4080a333896e,28.6637283804028,28.947016761797514,0.283288381394712,307
108,2,ce938908d35443b2dc32dc3b41c158da95b40a57,28.680819112329278,28.98892490230429,0.3081057899750128,307
109,4,cb0de3a468083286667c1cc4976569ca4db637e6,28.681748297345038,28.976484836196498,0.2947365388514598,284
110,3,f1ea5e5ef7f89cce70882db4993f1a728e192e45,28.9505850802352,29.25768729204562,0.3071022118104203,284
111,1,85001747cdc459976979e042b2a495462e3ef628,28.952354834898262,29.29173783854353,0.33938300364526697,284
112,4,f610c27363362b3e676b888015a47c83bc70fc7a,28.97982158772484,29.288947730790156,0.30912614306531694,307
113,2,3d2f87297c947d240c0daffbdee2422215108b49,28.992489574018997,29.305732137986162,0.3132425639671652,307
114,3,5d7ad8a3005858d7259f53dc0ca8792a7c48ca51,29.260654630535907,29.604792596277132,0.34413796574122557,307
115,4,ebae31565e063392ca21126fe4b5676b0c46c77f,29.292585336964496,29.56477491696412,0.27218957999962257,305
116,1,002ec8ddb46913a900f783bdfdc33b5b0367b12b,29.295355752413766,29.52054089653955,0.22518514412578483,284
117,2,eac599d2dd6b6e1f8abb8ce5af2ab16228f84875,29.308475203013067,29.576569877776432,0.2680946747633648,284
118,1,fe16dc0aaffc0e83e583a37d85b2dd0b853a51f7,29.523383152431563,29.79961330149501,0.2762301490634478,284
119,4,c65aa6d4527872881590c862108571a293c98295,29.568489104321074,29.820025833385603,0.2515367290645294,284
120,2,33223d0f50c529123d8ceff807dbde34c23bbe18,29.579548156435663,29.8321843724792,0.2526362160435376,284
121,3,8ea28083aed5adae0fc8c1af80e4978f534d5dff,29.608439683931227,29.86734826350345,0.2589085795722248,284
122,1,700c6e974b76f406a72c70c65f663bc81e76da27,29.802362201278687,30.11933353949474,0.31697133821605306,286
123,4,f051f9f56d1d80d8de316a38cf452307a48444e0,29.82364192389435,30.08562870233551,0.2619867784411589,284
124,2,dae7117f090c7050378f543cb491bfa398b47342,29.83503136911109,30.09276497453858,0.25773360542748947,284
125,3,f42a83ae381403511bbb82057b3d6de13848a347,29.870326177490384,30.142421672037074,0.27209549454669,286
126,4,f43912d86c585f120ae97e2e66d7e35f5e9ce2b4,30.089112416800017,30.370681003636513,0.2815685868364959,289
127,2,dd9366275b6b25d98ddc4e4e6375a43e2dd077cf,30.09627640409775,30.382270653944953,0.285994249847203,289
128,1,14567f2095b66cd999c3afc2e203a9ec7f66b472,30.123114097209964,30.433423966555175,0.3103098693452111,289
129,3,1c3586a8180949e11e63059637a5652789389d2d,30.145556759784522,30.432680035066888,0.28712327528236514,289
130,4,abacd33cd522011d67f5100ebcf6075f4ab0c24a,30.374248228057304,30.658227663457065,0.2839794353997611,289
131,2,92aebc955a9ac0a8fe70d20f07b755598519b3ae,30.38511145114777,30.635450596385077,0.2503391452373087,289
132,3,8b8de154a14b3f49780316796e2c4da0e0c510bc,30.435859612834715,30.739619238360024,0.3037596255253092,289
133,1,e2000b736cc733a950cd058917abdc47d1fa0b29,30.436628342039278,30.720732495365016,0.2841041533257389,289
134,2,b589d03966e191c579856001626a1b5bc12a6a24,30.638301239739945,30.90770217067539,0.2694009309354435,289
135,4,56869d480731a51c872045474d75d1fa115ba343,30.6616461015802,30.92983194441811,0.2681858428379087,289
136,1,c098549ea40ffe504b4f1f5e386f87795978e1dc,30.724332540292643,30.99358432025813,0.26925177996548655,289
137,3,dae8752f90f9f9dd56905dc6d6d7b785b1e20b1a,30.74346179036594,30.986500196193695,0.24303840582775393,289
138,2,fa71f5cd79e31a20a7c1b43f68a1785c94551f30,30.91130695634289,31.18674613119159,0.2754391748486995,289
139,4,fbd8c2674861590506a19d2320bbdfb8bc380c60,30.933269710173043,31.186441994494906,0.2531722843218631,289
140,3,97fc88df6356ecedefc20f482c178779a7de6697,30.990202349364814,31.284301441039055,0.29409909167424075,291
141,1,f8c14f4ae779a7572d67200111faff196f28fc34,30.997250370871726,31.263836031665225,0.2665856607934991,289
142,4,d7bba8274274b7142858be6d4709553e96968591,31.190052614919182,31.49515532851869,0.30510271359950636,292
143,2,74c5ad081323078ae82fd87c848ffec85f6b0091,31.19041509918357,31.511680453710685,0.3212653545271138,294
144,1,ee459c34de3d1d5e87e7e72d1e9399f4a8b6a3b1,31.26681905106433,31.56193630779509,0.2951172567307587,294
145,3,cae416696a9df8b14005ba6eeb5562cb31153315,31.287551765232728,31.56876114985552,0.281209384622791,299
146,4,09bde0b3f2f4e1b02c4f9672737e9289423cfdc2,31.498855658328313,31.787303423397667,0.2884477650693533,299
147,2,15b106c5db3208fabd43c30c93c704fb6924c7f5,31.515111655364258,31.796011068533595,0.28089941316933675,291
148,1,107844f9504f5c4eec302b9aa1b57540148aee8d,31.565204500931372,31.838333112098805,0.2731286111674329,291
149,3,77c5122c7f5821238ea9973f4d3452f8059f6969,31.572397297340665,31.811386017297135,0.23898871995647042,292
150,4,5f931ab251ce3937ddafd65ead97bae15c5e0454,31.79080974754466,32.04551329084658,0.25470354330191824,294
151,2,8d35f45d04276e064b08aaa2670c777a41898557,31.799495877014998,32.059713630137686,0.2602177531226886,267
152,3,a0ec1caa03cbe45c32ce514e8bafaf2987caac6c,31.814619566565092,32.07392819164842,0.2593086250833281,265
153,1,f97b1661e9572bdf75ff10b0006f4b4cee9fe16f,31.842201191165596,32.078831940042036,0.23663074887643987,265
154,4,ef356613b024873f1a9c11d7a52c6d8e4ba625d2,32.04898241841916,32.29777498843989,0.24879257002073274,265
155,2,f46f99ffecd0ae313b38cf07177b030d9a7067d9,32.06276958399643,32.281235276355964,0.21846569235953694,267
156,3,a7ddbc5368accf7ba458a221f6fb27265a23b2e8,32.07698195747338,32.29401448770106,0.21703253022768365,267
157,1,7779d6c461be53420573b2a835a5d03619e4117c,32.08274232109542,32.28231543570317,0.19957311460775173,267
158,2,ab09159506ff4baf8dc4bc5bd7844c2b717ad7bc,32.28520582833854,32.51051933711328,0.22531350877473955,267
159,1,c65d4246787102d13bf328358e1abb28b0c9de09,32.285936996296385,32.51836927300389,0.232432276707506,267
160,3,1f0cc8c74088cb13c03bba664b5fabd6cb861af8,32.29688154130935,32.51884006494084,0.2219585236314927,267
161,4,6ac568bbedb54aefffb099da22353fa7df601b36,32.30108256618438,32.51098392962116,0.209901363436785,267
162,2,1acc28d9ea2f992b284c9ea9e5c4c29b8bdb227f,32.51359388925923,32.74277146570549,0.22917757644625425,267
163,4,8900aff75974e3e392ed192b6f783455ccc68051,32.51435021960566,32.75196850106557,0.23761828145990904,267
164,1,7d495d7ade454df6f02593a236d1d0e51b3f9451,32.52165898180577,32.768208087848095,0.24654910604232327,267
165,3,58a66bf012a3678dbeae63c90b480ab72b9bfbb9,32.52199484499239,32.76964124997994,0.24764640498754886,267
166,2,1c014dba369128f575077ff8e74e057e76f9b15e,32.74603856482488,33.04581086344189,0.2997722986170146,245
167,4,a8a644f75e34dc7153b3f4c21ce2374d3b754dff,32.75472031822763,32.98639298253803,0.2316726643103948,267
168,1,f20be2f4c350bde71d2b0b66aa73c8aedd4ea730,32.77137636077468,32.990400366422726,0.2190240056480448,267
169,3,5503f52da910734e4b7a20f01c935450a82d7c55,32.77316908979253,33.00879844853817,0.23562935874564062,267
170,4,e3e551db6d6494fcfcbc139dd0664f8ccf3cf399,32.989494885106346,33.25687188478689,0.2673769996805433,267
171,1,9f9aa63df1f494140230bd3c87fe28f13138a477,32.99370138006584,33.25844289304745,0.2647415129816082,274
172,3,febd53fb1ae07132fdc21f2696c4acca58b4bd5a,33.01211951915769,33.25235614771854,0.2402366285608437,274
173,2,89b316a9152d2aec209b3bcdc8e3d8d4a92a02e9,33.048949597912326,33.337760211918365,0.2888106140060387,274
174,3,8178e066df40ef2e99789fef14fa8956799faaf9,33.25525602183366,33.486142452669185,0.2308864308355254,274
175,4,a5bf4b2c3e62bdfeb2c59011c93fe3b579516242,33.26001317196341,33.487358270111315,0.22734509814790727,274
176,1,f129c87812f12979f490da169f10efd14b1bca6f,33.26171254487293,33.50384182266132,0.24212927778839344,274
177,2,6f7ca67fa3a6a0b3fc2f5aabf7ecafbb02b80965,33.34078516863176,33.56218939037002,0.22140422173826124,274
178,3,736ae689dea9eea4e67be6ed26d943a6d3e4bb82,33.48923888515302,33.721583275836664,0.2323443906836431,274
179,4,5757deac9c5c033f43cac04bb1e3b7f644415154,33.490747169778295,33.73154466433374,0.2407974945554443,274
180,1,17d58ac7ecdad7570d9f94b946b51889a1a75447,33.5066501640296,33.71816775509192,0.21151759106231793,274
181,2,25c110a5845a84a7573fd9f5adbfc89c2b019d4d,33.56535766329661,33.781598125292646,0.21624046199603697,245
182,1,31909ffb7592083210106cf84d47473861b7f245,33.72082366343956,33.94809728581702,0.22727362237746007,245
183,3,0ca5386a23597dc5b03173e33449f672160136c0,33.725093611378945,33.96550163591993,0.24040802454098298,245
184,4,632906bc3828ad0223687977d21a0a42ff0b4023,33.73443323360762,33.96956809671693,0.23513486310930887,245
185,2,b08bbabafb5d8ff9a3b1b037f4c58f7677aaa226,33.78505594802399,34.048246145049134,0.26319019702514623,245
186,1,3b50b6b3f1b2f63976df938c82c23706c3e1d34a,33.95183882359634,34.20465008234301,0.252811258746668,245
187,3,f80ddc53dea424c9cbff279b25718725d48b67d9,33.96882927064082,34.20734537529885,0.2385161046580322,245
188,4,5aa79b36e9475598508157b4625ab13bea16fca7,33.97273636964351,34.194458950298085,0.2217225806545713,245
189,2,700117092ed01f80ab326670b4022db66da27d26,34.05184728399366,34.274282069646574,0.22243478565291497,245
190,4,b2ed7c320543fca2ccb76cd7c9d503fe0633483d,34.19792625450917,34.419622214085976,0.221695959576806,245
191,1,b769d59833aa37e2ff0a02d40fbef6b1e354689a,34.20836208166617,34.425068959531586,0.21670687786541265,245
192,3,2209fefc8c9695a14d1d559c873d63de0a31ffed,34.21116349426079,34.44243501904319,0.2312715247824002,211
193,2,55e3edc6f9c430beed3f4e1e69ba072642599dfd,34.27751379555304,34.49642912885623,0.2189153333031868,245
194,4,59b49600b35bfc56b9bc4442a421a135e4422923,34.42260341012359,34.65992120160981,0.23731779148621968,211
195,1,72339cf6fc361dfc66cfb30a46bcd9aabd6d990b,34.428519124144664,34.66421959398845,0.2357004698437848,211
196,3,4b06beb91423ab6105b3ca4c13dd7aef85bf31f9,34.44550191307088,34.65476911138113,0.20926719831025054,211
197,2,1665e4434bbfd0c6a4b76a0a6b7a67b10229db5f,34.499617094086915,34.71209158525966,0.21247449117274186,211
198,3,fdf327707eaa99cd0e3791fabf93dbb3870ef7dc,34.658139777433206,34.865981471729874,0.20784169429666832,211
199,4,f4a9026c81f417fcbaf86ccc0db9b3efb919ddff,34.6633283348917,34.87544107114465,0.2121127362529478,195
200,1,e130a0c68ce708d416eb0b113a5dca99fd7a6cab,34.66770075574687,34.87044907205487,0.2027483163079964,195
201,2,b6bd13931cf1edd5a603c5924a20c1be7528f51f,34.714685863988905,34.90383117423021,0.1891453102413081,195
202,3,efbbdb4e83a53df9384eeeb28550ddc7c589c96b,34.87018359062179,35.096346785851296,0.22616319522950334,193
203,1,c06faf67770cd886ca04e5a5e471549c94274397,34.873895589944965,35.13699826561855,0.26310267567358636,193
204,4,cc66f8ac482e0f8860a309c28586931f93ab2787,34.87826472874945,35.13078206162378,0.25251733287433353,193
205,2,88cf1157bd11cd220738d7bd3e22f516c99f945c,34.90770946412135,35.129773742719316,0.22206427859796207,166
206,3,bd20d2d826dde947ab00d2203d48274990c35d83,35.099738602896664,35.32524174126646,0.2255031383697954,166
207,2,dc3fc47227afbd153fc2dd954f09eb1a32924af0,35.133509445741865,35.32585110867672,0.192341662934858,164
208,4,84e5ba4a79ab2bb8c4d8bc0cdf7c416750be9e11,35.13449588430844,35.34071223417213,0.20621634986368775,160
209,1,48feaf5c9f988c1cdf56cf964269ad620417a60e,35.140414515707896,35.344821361628014,0.20440684592011849,160
210,3,a7cabe810e7295cf7e00628803c3ce91d15effe4,35.32846507971007,35.51766399677921,0.18919891706914171,156
211,2,156b913077d1d354b0f6ed31c7530314d614e88a,35.32926881745526,35.511057958097695,0.18178914064243656,156
212,4,30dbc58b96cb733409533f85644e9b516cead805,35.34401105978146,35.501479840186015,0.1574687804045567,156
213,1,a18500b628ded9d1c6df63d2e2ef8f1c3468a308,35.347837201533956,35.523018115461085,0.17518091392712876,156
214,4,da15799126f24d60ed77b94a181f1af91e94bf2c,35.504592682923274,35.70141762709194,0.19682494416866803,156
215,2,53342ad474ed8ef599e1fdc26fbe062fcaf4b55b,35.51404717692587,35.707304167329156,0.1932569904032846,152
216,3,bc32868ac38053c8715185728a9e6c468273f447,35.52125456022709,35.69358519547165,0.17233063524455616,152
217,1,a850f355eb4c9f702b3b7a12171073541d61bc27,35.52646426867888,35.70226002010074,0.17579575142185888,152
218,3,f76cc39c804aa98a82e5dad6b814f82608ff26a4,35.6969595082467,35.902214581932384,0.2052550736856844,152
219,4,97f80355ceee95e49b40ca3b50321379c53caff0,35.70504793982032,35.895360201415805,0.1903122615954871,152
220,1,90e8e30e52b1a4d57759c85b23a008db16701164,35.705495392730185,35.88714194650403,0.1816465537738452,152
221,2,866be17cb05e2665b3f1b8f3d8be6f2b44b46f10,35.71001112979854,35.90662492870656,0.19661379890802522,152
222,1,c8d9c4cb735e06420daa585a8234de2b5212087a,35.89051625927909,36.078805683636574,0.1882894243574853,152
223,4,631ecf0f6e9b2dc8b984915f76d0f1485b97ff2e,35.8982447592944,36.06419946407759,0.1659547047831893,152
224,3,c5c54bb3dba745a45f4697e11bf0ee25ebc016fe,35.90547438760581,36.07830207119279,0.17282768358698064,152
225,2,d31b8fb7f38337abc1445e7d65407bbbee95ed09,35.90969437544034,36.08342535230991,0.17373097686957095,176
226,4,2c185766e2d8f5730e7af50f4ed3d952f2969bcb,36.066927942212565,36.256909810705906,0.18998186849334076,168
227,3,556d03a479b13f1f93fdf07914b605299b8b6179,36.0819254551475,36.283347822979316,0.20142236783181744,168
228,1,8d770758d50af0e8832a4bc4de9d8a3dfce23de6,36.08264385957491,36.2936060547271,0.2109621951521916,168
229,2,272b3e15c6ebf2f8d9688bfbffc6e3ce991ea7d0,36.08637773923597,36.24638974424802,0.16001200501204949,149
230,2,721bed047463c68a11806280012b1880ca1c7b31,36.249963168097885,36.41705273307301,0.16708956497512162,149
231,4,21c664bac142902d1881eef1496cfaf21dc97c0e,36.25989428879421,36.432197938288695,0.17230364949448784,149
232,3,3b0669be7f3519ae0b8d839b0575d3d390b6eccb,36.28971573065012,36.448499884034206,0.15878415338408303,125
233,1,4bd4f806245c9b7e56f92f4c6788e5578a218228,36.29682173505245,36.46624593208051,0.16942419702806433,155
234,2,7bc4ae22dd074eacd6ea8d82759eda0f9e219ea2,36.420296128493014,36.5858300014441,0.16553387295108735,155
235,4,7c893ff6430d9bbb79202b54d9949de55465e51f,36.435823510277196,36.61514564282245,0.1793221325452521,155
236,3,62cc4a914ec61147482fa92ac99e1a487b06d377,36.45217031071539,36.62225310591396,0.1700827951985744,155
237,1,9a956d485b114f473a6f04cbe905448f69304fa7,36.4699943986335,36.62876068307497,0.15876628444146945,155
238,2,ee2d0e7843d528e8f1d4ef3ae52708de4a205830,36.58935127715532,36.77496583020566,0.18561455305033547,151
239,4,e4138ab2ebd37009f172f6b6e4cefc8c4945dcc4,36.6185801265267,36.78436234131285,0.16578221478614807,151
240,3,f80da8e2c0fd2ed7af99ad1c9c3bd8ecf7b4b860,36.62587721921327,36.772979460197476,0.14710224098420355,151
241,1,0bf1a1c11be01786f000c4dea8a458cb9c64bafa,36.6316795201496,36.778067368101674,0.14638784795207016,151
242,3,f03979da6692f6eb3bbcc6ac17d1f832268dad31,36.77656929430076,36.92637485103137,0.14980555673061247,151
243,2,ff1fb2367368b4f85e687efb8f7827f7d1f0282d,36.77898925967148,36.933515863974314,0.1545266043028377,151
244,1,04bdc2d7617b1b7978bee61bfee62579d5564bc9,36.781520814765436,36.93563971543891,0.154118900673474,151
245,4,2288f2eb4dea54224a578a1006e8ae46e1e1c0b8,36.78790695605115,36.90323967576256,0.1153327197114109,0
246,4,98d840f8f6c852587a26365014a1d2f81c4a33a7,36.90651188029413,37.35700032237031,0.45048844207617833,665
247,3,9dcb2c8dca7474d97f2153274a4b505be4244ea7,36.92983230909041,37.37184139088932,0.44200908179891485,665
248,2,95faf2ec723ea74f85c8a37bc2a1dc65445b7b88,36.93650581214709,37.36702698720875,0.43052117506166354,665
249,1,66dd85bc51738791f5539a8cd33f0a94b97c1f0b,36.938600489827834,37.35601716585442,0.4174166760265834,665
250,1,3237aa6c7ed63aa177ca90eafcc076d144155a34,37.35950489171421,37.638172510418684,0.27866761870447476,665
251,4,37834b86f0c1f4433afce892de140527cc992915,37.36062625903111,37.64289829873079,0.2822720396996843,665
252,2,cfff2b916e00b1925f5370cccfafe04499c0feb0,37.3698411633338,37.656076826242405,0.28623566290860225,665
253,3,edaa5e1b1f030443151e13d427904bae3372bae1,37.375179965779154,37.64456886252876,0.26938889674960365,665
254,1,d4501386d5b87339dc567ae9a00bce1f8728827c,37.64142976338603,37.92235579763313,0.28092603424710205,665
255,4,9cf47963388e9bbeab405ef7b1e7624efd6a631c,37.646277352245725,37.91149585659335,0.2652185043476223,665
256,3,fcf5082a589352f11159eda935e7db01a20128bb,37.647917283570635,37.908265954048375,0.2603486704777396,665
257,2,151d7e55fa4c300678ab18cbccd15ce7d932eb49,37.659008426847464,37.91253334928167,0.25352492243420244,633
258,3,41e5e037dc240865813b9e34e6552f6c05c4a403,37.91121469425145,38.1740453243906,0.262830630139149,546
259,4,10884d37c84631a002b3c31ef2482f3b5e6a0594,37.91475712095597,38.1904300507478,0.2756729297918312,665
260,2,c99af89042ab29484095e31a9c9f4dbf19e340ff,37.915871194826906,38.19267023267551,0.2767990378486047,665
261,1,be50fa5bc7a484056f0bae9992664633bca3e513,37.92556053778953,38.19364244902246,0.2680819112329331,665
262,3,4f3ae2cd6c7afd48cc691bf9401c578ce3d1d714,38.17679860024185,38.43208087848098,0.25528227823912886,546
263,4,5c86b282f8bbe9c1e512dd3bc38035ad350f74a3,38.194042129861266,38.44706526321317,0.25302313335190263,546
264,2,3ce7f91e1b7d334b236e314467ddd3e1a8b0a188,38.19639061946154,38.490761756670224,0.29437113720868524,665
265,1,80d1a04dc163590aa44b62688b06aece78fb7fd6,38.197352624984134,38.47212627288866,0.2747736479045244,665
266,3,8e358d7a42cbafcf54100378ce168178b3baf419,38.4352418579616,38.742459306218244,0.3072174482566439,612
267,4,54a8a77c75660eeae314c410685243e2b5bc59ca,38.45011975838272,38.74583252497641,0.29571276659368806,594
268,1,ce1dd8e29a657b9991b22278244c1262aa391e8b,38.475587742342974,38.72125397675141,0.24566623440843927,572
269,2,2a8c1f5bdbf88206381e9d8514fa9dad00e62fdf,38.49430710075312,38.735269062515044,0.24096196176192564,571
270,1,6ae45637635776fc6f4c6d97bf8c1e76733928cd,38.72504656865248,38.99272770502971,0.26768113637722735,571
271,2,ac663709b9e4e012260279cf71cdace922373f5f,38.73847015594846,38.97080470048005,0.23233454453158942,571
272,3,0c09ab556dc7345e5e4ba36bd1fd9f4e72e7ca08,38.74644480976505,38.97317361172903,0.22672880196397927,571
273,4,5331fcde4eb493fe7f0620334f1705cd1971ee9f,38.74943548728242,38.972474899605714,0.2230394123232955,571
274,2,b383401705140f98be80373f42f9d878cafa3338,38.97454769694857,39.23074566732843,0.2561979703798585,546
275,4,62259b106bebeecfad0c8b70b15fd6d01d60c148,38.97611031774627,39.20875848045429,0.23264816270802413,546
276,3,7ff7bfac1302049d216566c267f9143444b2ea0c,38.9768845170353,39.22782208951392,0.2509375724786196,563
277,1,452952063f5db14347ca6bdee4691e80f3063bec,38.99598969873692,39.22837347402877,0.23238377529185072,546
278,4,5f78c9ce5318819dfe1639f8255df3d95d651e86,39.21158614945438,39.48516111951478,0.27357497006040177,546
279,3,b77967c9bcd83a7bb7a914913698b32b3fe19d51,39.232183934872445,39.48193012295291,0.249746188080465,542
280,1,85570c580af893c9f388513a6036e4f24e8b112b,39.233141199655165,39.48105308607579,0.24791188642062423,530
281,2,e5517acd0cabf39ebc55274369f025b297bf691b,39.23502327338607,39.49769344771401,0.26267017432794404,530
282,1,2f8f4fa333cd3f484b506d27d0223b48dc37a727,39.48485370076742,39.71571569855896,0.2308619977915427,530
283,3,63beffc5db3cfc78c578114792d5b17a3b04192d,39.48628139281479,39.7473156472131,0.26103425439831085,530
284,4,88b5ffb35c2126311bc404d1b8318c391d0c5499,39.488700264168614,39.753143110538005,0.2644428463693913,548
285,2,461b312f6dc04f0f8ef1ac31a32a6b6528cdc50f,39.50055357254864,39.73267186640741,0.23211829385876825,530
286,1,625ec26d6c8464e8ae2c0a4542b0e3a632200a93,39.71908855264482,39.993592707720985,0.27450415507616555,530
287,2,0a37842061aacb1e1cab6375a92436e6616bf7cd,39.73569499975932,40.00239370896525,0.26669870920593297,548
288,3,b8e22812f624aef6504cfea4214db4dbfd61afa8,39.75088870639066,40.018665386910016,0.2677766805193542,545
289,4,6b53af764361c65a63473089327dd60a30778444,39.75685985060105,40.02907787503993,0.2722180244388781,527
290,1,e13a6d39bc3108c48eaf87348e963399edee796b,39.99640250777846,40.23342345601396,0.23702094823549658,527
291,2,4ebd5b106f3b0cf98e5ca133eb270a43d9327e60,40.00532968563789,40.22183307636092,0.21650339072303382,525
292,3,9f429c47ed052452c787ec2c2cc69df556c28954,40.02166700459633,40.25387901923573,0.23221201463940133,525
293,4,8ee83042639f4d36b9186c49a0e33589aacedb36,40.03220749270291,40.2599562830849,0.22774879038198748,523
294,2,bfbd8cce77859a1de4ca62ca43a4def5be5861af,40.22538097314991,40.453981638020444,0.22860066487053388,483
295,1,23156a00e875e47410133724d1eeac24840e5ca2,40.23670623604217,40.4450974914922,0.20839125545003157,483
296,3,a55ec4898b3fcf3e24315adef0da7e8779199464,40.25763733194077,40.4841170627251,0.2264797307843267,482
297,4,84fc779be1007b72da72b4e8b031306cfa0d2bec,40.26284776973716,40.48244358154875,0.21959581181159393,482
298,1,321202759f6f55b887509b7d7a12356402a2d508,40.4484623227875,40.67312124478701,0.22465892199951298,480
299,2,c55cb1dc4b870e76f1c8a6d51fc6fd55fb8c6c4d,40.45761158607652,40.69536552563136,0.23775393955484247,501
300,4,d097cbca04a4a8cdda01b04f8179454fc913c92c,40.48588134730369,40.74103270818777,0.25515136088407786,510
301,3,bf57d94faa925034e725d633e546a3209a67f4a1,40.487399113408706,40.712379676375214,0.2249805629665076,500
302,1,152727db1fdccee97dbe7588fd3dfba541dad2da,40.67620928980799,40.914629120979306,0.2384198311713135,482
303,2,4b26b394a253865ab1217e4d4a5435c60ed7dde6,40.69827597524313,40.92353150112246,0.22525552587933362,480
304,3,1fbd58fcce231ca6fc37b25557def78090c808c3,40.71571970995424,40.950881923485916,0.2351622135316731,480
305,4,848744253c4b0074f8dca6db689aaac4062bb5a2,40.74438623464182,40.98685210496144,0.24246587031962008,480
306,1,4f5f10782d060d4131a1be18e84499b06746da96,40.91776275003756,41.159287401155574,0.2415246511180129,469
307,2,71d84b1eed69d8787c7cb2af123f3231f4ed47cc,40.92654114159934,41.150874775908875,0.2243336343095379,469
308,3,c711d15393c2b9581ff9b7911baca9ed18bceac9,40.95392438446963,41.203293866066076,0.249369481596446,507
309,4,3e19e89b4dd535237a3eb757d72827d86851a5f9,40.9906848108153,41.257934904536086,0.2672500937207829,511
310,2,a90136bce723f9944689ea015bd166fa65b446e6,41.153912860825,41.399658229122146,0.24574536829714333,509
311,1,651b8e0050d9ee16882b4c0a3629fe08e6c0a7e6,41.162956004475255,41.410357349678435,0.2474013452031798,507
312,3,f9fccf4a3c709d428ea09377356b97a4b46a6958,41.20644427005005,41.43759034756187,0.23114607751182348,507
313,4,22d13bbd4a89ba1086c5b6a1cc86203eed27a7e7,41.261739165950694,41.48909885099052,0.22735968503982917,507
314,2,01477c01cd6d15b371b4a5447d636fcac2cb3122,41.402538775605464,41.63571279576747,0.23317402016200361,507
315,1,fa066988c8904e53d0b5d95f9cb05cc11e4fd993,41.41388518949102,41.63749969002855,0.22361450053752918,507
316,3,e06dc5b1e4a07f94f4acc993186554326ffcf686,41.44040087696394,41.676545517666916,0.23614464070297458,507
317,4,2295d39038c2f67efc8fc4df5d1ebd10570cb20b,41.49280975629679,41.73547546703581,0.24266571073901844,507
318,2,d09567c2906c45c357f93882a4de7530e5f6ba3e,41.63868268696384,41.89236514783086,0.25368246086701873,507
319,1,5e8d009dd8fc283f8a249fb5917d511c92eeb6ac,41.640805079739245,41.90564833629204,0.26484325655279406,507
320,3,f000bc970d7d67bef880c1fe78ded2596554829f,41.67943153423471,41.947591485339444,0.26815995110473523,507
321,4,d41bb673c431e81544ffe8f16c201f473193af7e,41.73909885099052,42.01108676720925,0.27198791621872687,507
322,2,fbd41e642a8b28bb0c6ec26effc916878edf4ec7,41.89589517567723,42.18473095207185,0.2888357763946203,507
323,1,1b992df4b7e8a36a5836b05217861cb1a7c62f8b,41.90875425025563,42.15926515614539,0.25051090588975455,507
324,3,5d914f4419d49894ab1499a79e124efdfb137f1a,41.95081300042156,42.19667105245884,0.24585805203727773,507
325,4,d6b2ae1e5392d52e5dc8d6399286755693baf6e7,42.01477287479925,42.2662042135696,0.2514313387703524,507
326,1,7664fc609487729cd54cacd7585799eaa9ee2776,42.162165394932806,42.4165724596563,0.2544070647234946,507
327,2,d4f40d1da311bee0b3ce0806f709db83630ecb8f,42.187942621001916,42.41312958848919,0.22518696748727507,507
328,3,bfb519d31406b24d4dc6db6ac7f54633dc4fe38d,42.19947647644874,42.417710601898925,0.21823412545018783,507
329,4,2f7d3fefab5911ad105db6d7e156d232b34b595f,42.26979113029449,42.48887749490553,0.21908636461103725,507
330,2,910bfcf63dc405a3b2418b62271eec1c184275d7,42.41579351962739,42.63972346170284,0.22392994207545058,507
331,1,33091e420c0d62694ea909b6f615e4a1d43329c2,42.42020058435089,42.63740706326481,0.21720647891392275,507
332,3,2c12720f520149edaed1c1303e330eab8a3d0d46,42.421129404694355,42.64944161377703,0.2283122090826737,507
333,4,25deee277bff5c25be72efa4be7f1160a8314d8c,42.49280793293531,42.7252019190515,0.23239398611619322,507
334,1,4e7ea07ddfe74d59d07983bafc29ffbd4655d91e,42.64100856688163,42.89495833254321,0.2539497656615808,507
335,2,55688e94efeba62f7491be9a526c87b9acd7b6f3,42.642949717524836,42.91296183923203,0.2700121217071967,507
336,3,b0f208a85bcbc0fc1dd934c09c331546e32a334a,42.6521916075776,43.11976640551268,0.46757479793507883,507
337,4,d72b16616a0da97f922059a7f361463d0b913265,42.729142567905626,43.21350323172591,0.48436066382028287,507
338,1,bdf776d688f1e8c5915e1460a9afa1f39e7b5cc0,42.89882094152553,43.20198323382642,0.30316229230088965,507
339,2,0f49afaec3e1174bed8ab8605312391fe3e933f3,42.91664101804836,43.23591489715512,0.31927387910675975,583
340,3,2e2cc5654aabed4db1b90e5a17b928694f2a585a,43.124860877518245,43.4458173546088,0.3209564770905544,0
341,1,334ca510894587c44fbb6636a49f29c234a32d2f,43.20509826459747,43.39667885644602,0.19158059184855603,0
